request_id,phase,dominant_kind,dominant_span,dominant_duration_ms,missing_event_rate,complete_span_count,missing_span_count,tokenization_ms,queueing_ms,prefill_ms,decode_ms,streaming_ms,cleanup_ms
shared_scenario_structured_agent_decode::repeat0::0,measured,prefill,prefill,78.81793519482017,0.0,6,0,0.07520103827118874,0.2055307850241661,78.81793519482017,36.59047884866595,0.0,0.008139759302139282
shared_scenario_structured_agent_decode::repeat0::1,measured,prefill,prefill,163.18703535944223,0.0,6,0,0.04580058157444,0.15573063865303993,163.18703535944223,36.03762574493885,0.0,0.009770039469003677
shared_scenario_structured_agent_decode::repeat1::0,measured,prefill,prefill,76.90266193822026,0.0,6,0,0.07025105878710747,0.1622512936592102,76.90266193822026,36.553218960762024,0.0,0.00924011692404747
shared_scenario_structured_agent_decode::repeat1::1,measured,prefill,prefill,75.3202517516911,0.0,6,0,0.04018004983663559,0.13843132182955742,75.3202517516911,36.52633912861347,0.0,0.007729977369308472
shared_scenario_structured_agent_decode::repeat2::0,measured,prefill,prefill,74.97742958366871,0.0,6,0,0.0484297052025795,0.11869007721543312,74.97742958366871,36.458518356084824,0.0,0.007189810276031494
shared_scenario_structured_agent_decode::repeat2::1,measured,prefill,prefill,73.74866213649511,0.0,6,0,0.04004128277301788,0.11808006092905998,73.74866213649511,36.751959938555956,0.0,0.008420087397098541
shared_scenario_structured_agent_decode::repeat3::0,measured,prefill,prefill,76.45321916788816,0.0,6,0,0.04187971353530884,0.15560071915388107,76.45321916788816,36.00522503256798,0.0,0.00998983159661293
shared_scenario_structured_agent_decode::repeat3::1,measured,prefill,prefill,76.00424671545625,0.0,6,0,0.05740998312830925,0.1737610436975956,76.00424671545625,36.52557823807001,0.0,0.008869916200637817
shared_scenario_structured_agent_decode::warmup::0,warmup,prefill,prefill,301.19321681559086,0.0,6,0,0.058350153267383575,0.5618738941848278,301.19321681559086,34.48784630745649,0.0,0.01335982233285904
