iteration_id	host_start_ns	host_end_ns	duration_ns	host_pid	host_tid	scheduled_token_count	marker_state
0	1808708098782679	1808708292832208	194049529	1700835	1700835	2335	recorded
1	1808708297666574	1808708370414863	72748289	1700835	1700835	1	recorded
2	1808708379425411	1808708431213776	51788365	1700835	1700835	1	recorded
3	1808708432609824	1808708483945499	51335675	1700835	1700835	1	recorded
4	1808708485197934	1808708536726054	51528120	1700835	1700835	1	recorded
5	1808708537931007	1808708589043509	51112502	1700835	1700835	1	recorded
6	1808708590234922	1808708641459406	51224484	1700835	1700835	1	recorded
7	1808708642638659	1808708693987155	51348496	1700835	1700835	1	recorded
8	1808708695227000	1808708746502704	51275704	1700835	1700835	1	recorded
9	1808708747678717	1808708798922881	51244164	1700835	1700835	1	recorded
10	1808708800135815	1808708851034042	50898227	1700835	1700835	1	recorded
11	1808708852231266	1808708903488560	51257294	1700835	1700835	1	recorded
12	1808708904719565	1808708955735394	51015829	1700835	1700835	1	recorded
13	1808708956941358	1808709007902226	50960868	1700835	1700835	1	recorded
14	1808709009070079	1808709059916305	50846226	1700835	1700835	1	recorded
15	1808709061125209	1808709111968585	50843376	1700835	1700835	1	recorded
16	1808709113145768	1808709164550325	51404557	1700835	1700835	1	recorded
17	1808709165733379	1808709216607035	50873656	1700835	1700835	1	recorded
18	1808709217778058	1808709268526163	50748105	1700835	1700835	1	recorded
19	1808709269684985	1808709320611143	50926158	1700835	1700835	1	recorded
20	1808709321764116	1808709372512680	50748564	1700835	1700835	1	recorded
21	1808709373667023	1808709424418397	50751374	1700835	1700835	1	recorded
22	1808709425602980	1808709476493207	50890227	1700835	1700835	1	recorded
23	1808709477649770	1808709528463405	50813635	1700835	1700835	1	recorded
24	1808709529646549	1808709580651628	51005079	1700835	1700835	1	recorded
25	1808709581824701	1808709632782749	50958048	1700835	1700835	1	recorded
26	1808709633948342	1808709685518123	51569781	1700835	1700835	1	recorded
27	1808709686716436	1808709737663104	50946668	1700835	1700835	1	recorded
28	1808709738840698	1808709789632753	50792055	1700835	1700835	1	recorded
29	1808709790796256	1808709841681372	50885116	1700835	1700835	1	recorded
30	1808709842880186	1808709893832674	50952488	1700835	1700835	1	recorded
31	1808709895008368	1808709945899074	50890706	1700835	1700835	1	recorded
32	1808709947016097	1808709948135599	1119502	1700835	1700835	0	recorded
33	1808709948569467	1808709949500866	931399	1700835	1700835	0	recorded
34	1808709962101185	1808710015911610	53810425	1700835	1700835	2335	recorded
35	1808710016935210	1808710067790176	50854966	1700835	1700835	1	recorded
36	1808710102926611	1808710154935970	52009359	1700835	1700835	1	recorded
37	1808710156123254	1808710207507460	51384206	1700835	1700835	1	recorded
38	1808710208824256	1808710260861136	52036880	1700835	1700835	1	recorded
39	1808710262166432	1808710313800473	51634041	1700835	1700835	1	recorded
40	1808710315106539	1808710366753171	51646632	1700835	1700835	1	recorded
41	1808710368029886	1808710419414123	51384237	1700835	1700835	1	recorded
42	1808710420641827	1808710471714338	51072511	1700835	1700835	1	recorded
43	1808710472882341	1808710523976912	51094571	1700835	1700835	1	recorded
44	1808710525143175	1808710576395029	51251854	1700835	1700835	1	recorded
45	1808710577556602	1808710628756455	51199853	1700835	1700835	1	recorded
46	1808710629893487	1808710680945927	51052440	1700835	1700835	1	recorded
47	1808710682111910	1808710733766392	51654482	1700835	1700835	1	recorded
48	1808710734904115	1808710785895454	50991339	1700835	1700835	1	recorded
49	1808710787067077	1808710838023555	50956478	1700835	1700835	1	recorded
50	1808710839170958	1808710890174307	51003349	1700835	1700835	1	recorded
51	1808710891335380	1808710942451811	51116431	1700835	1700835	1	recorded
52	1808710943620834	1808710994592273	50971439	1700835	1700835	1	recorded
53	1808710995739565	1808711046539791	50800226	1700835	1700835	1	recorded
54	1808711047690443	1808711098631191	50940748	1700835	1700835	1	recorded
55	1808711099805844	1808711150785683	50979839	1700835	1700835	1	recorded
56	1808711151930876	1808711202832033	50901157	1700835	1700835	1	recorded
57	1808711203999546	1808711254873012	50873466	1700835	1700835	1	recorded
58	1808711256031845	1808711307658327	51626482	1700835	1700835	1	recorded
59	1808711308954922	1808711360181566	51226644	1700835	1700835	1	recorded
60	1808711361367669	1808711412436200	51068531	1700835	1700835	1	recorded
61	1808711413617613	1808711464468949	50851336	1700835	1700835	1	recorded
62	1808711465603492	1808711516480288	50876796	1700835	1700835	1	recorded
63	1808711517640681	1808711568463057	50822376	1700835	1700835	1	recorded
64	1808711569639490	1808711620503676	50864186	1700835	1700835	1	recorded
65	1808711621650449	1808711672501065	50850616	1700835	1700835	1	recorded
66	1808711673596857	1808711674682408	1085551	1700835	1700835	0	recorded
67	1808711675089986	1808711676028035	938049	1700835	1700835	0	recorded
68	1808711688048133	1808711741861157	53813024	1700835	1700835	2335	recorded
69	1808711742859527	1808711795398926	52539399	1700835	1700835	1	recorded
70	1808711828251896	1808711879316997	51065101	1700835	1700835	1	recorded
71	1808711880473710	1808711931502829	51029119	1700835	1700835	1	recorded
72	1808711932684073	1808711983747183	51063110	1700835	1700835	1	recorded
73	1808711984913356	1808712036057708	51144352	1700835	1700835	1	recorded
74	1808712037209021	1808712088183849	50974828	1700835	1700835	1	recorded
75	1808712089317982	1808712140415492	51097510	1700835	1700835	1	recorded
76	1808712141575215	1808712192596565	51021350	1700835	1700835	1	recorded
77	1808712193746388	1808712244874719	51128331	1700835	1700835	1	recorded
78	1808712246006362	1808712297984620	51978258	1700835	1700835	1	recorded
79	1808712299332197	1808712353760943	54428746	1700835	1700835	1	recorded
80	1808712355137501	1808712408383204	53245703	1700835	1700835	1	recorded
81	1808712409752731	1808712465966253	56213522	1700835	1700835	1	recorded
82	1808712467300890	1808712520800478	53499588	1700835	1700835	1	recorded
83	1808712522177575	1808712580106362	57928787	1700835	1700835	1	recorded
84	1808712581699853	1808712634180261	52480408	1700835	1700835	1	recorded
85	1808712635394165	1808712687473126	52078961	1700835	1700835	1	recorded
86	1808712688795562	1808712741915093	53119531	1700835	1700835	1	recorded
87	1808712743338251	1808712797775308	54437057	1700835	1700835	1	recorded
88	1808712799184396	1808712854835257	55650861	1700835	1700835	1	recorded
89	1808712856225984	1808712908383586	52157602	1700835	1700835	1	recorded
90	1808712909611861	1808712962332034	52720173	1700835	1700835	1	recorded
91	1808712963528257	1808713017176369	53648112	1700835	1700835	1	recorded
92	1808713018414983	1808713070203898	51788915	1700835	1700835	1	recorded
93	1808713071372761	1808713123300518	51927757	1700835	1700835	1	recorded
94	1808713124467501	1808713175946620	51479119	1700835	1700835	1	recorded
95	1808713177158534	1808713232080130	54921596	1700835	1700835	1	recorded
96	1808713233405347	1808713285708451	52303104	1700835	1700835	1	recorded
97	1808713286960236	1808713339537486	52577250	1700835	1700835	1	recorded
98	1808713340807641	1808713392464193	51656552	1700835	1700835	1	recorded
99	1808713393643587	1808713445248268	51604681	1700835	1700835	1	recorded
100	1808713446431901	1808713447619105	1187204	1700835	1700835	0	recorded
101	1808713448053313	1808713449654105	1600792	1700835	1700835	0	recorded
102	1808713461689183	1808713516338084	54648901	1700835	1700835	2335	recorded
103	1808713517356634	1808713573046146	55689512	1700835	1700835	1	recorded
104	1808713602619831	1808713654803604	52183773	1700835	1700835	1	recorded
105	1808713655970937	1808713710283151	54312214	1700835	1700835	1	recorded
106	1808713711593727	1808713763751469	52157742	1700835	1700835	1	recorded
107	1808713764933292	1808713817043033	52109741	1700835	1700835	1	recorded
108	1808713818201556	1808713870015091	51813535	1700835	1700835	1	recorded
109	1808713871170094	1808713925512609	54342515	1700835	1700835	1	recorded
110	1808713926937388	1808713979157051	52219663	1700835	1700835	1	recorded
111	1808713980365215	1808714032146949	51781734	1700835	1700835	1	recorded
112	1808714033321072	1808714085976684	52655612	1700835	1700835	1	recorded
113	1808714087136117	1808714138849460	51713343	1700835	1700835	1	recorded
114	1808714140034823	1808714194342018	54307195	1700835	1700835	1	recorded
115	1808714195582372	1808714247406388	51824016	1700835	1700835	1	recorded
116	1808714248593851	1808714300316124	51722273	1700835	1700835	1	recorded
117	1808714301472907	1808714353141870	51668963	1700835	1700835	1	recorded
118	1808714354308803	1808714406020586	51711783	1700835	1700835	1	recorded
119	1808714407184629	1808714458954303	51769674	1700835	1700835	1	recorded
120	1808714460303330	1808714512833389	52530059	1700835	1700835	1	recorded
121	1808714514209046	1808714566273736	52064690	1700835	1700835	1	recorded
122	1808714567541701	1808714620071441	52529740	1700835	1700835	1	recorded
123	1808714621277394	1808714672820724	51543330	1700835	1700835	1	recorded
124	1808714673994987	1808714725791832	51796845	1700835	1700835	1	recorded
125	1808714727017056	1808714778806951	51789895	1700835	1700835	1	recorded
126	1808714779975554	1808714831789129	51813575	1700835	1700835	1	recorded
127	1808714833066224	1808714884827398	51761174	1700835	1700835	1	recorded
128	1808714885991941	1808714937525861	51533920	1700835	1700835	1	recorded
129	1808714938686014	1808714990267554	51581540	1700835	1700835	1	recorded
130	1808714991444808	1808715042872325	51427517	1700835	1700835	1	recorded
131	1808715044026288	1808715095477656	51451368	1700835	1700835	1	recorded
132	1808715096711030	1808715148534656	51823626	1700835	1700835	1	recorded
133	1808715149794950	1808715202339370	52544420	1700835	1700835	1	recorded
134	1808715203499623	1808715204663726	1164103	1700835	1700835	0	recorded
135	1808715205065614	1808715205989052	923438	1700835	1700835	0	recorded
136	1808715218866717	1808715276136750	57270033	1700835	1700835	31	recorded
137	1808715277183921	1808715328902914	51718993	1700835	1700835	1	recorded
138	1808715330086697	1808715381766030	51679333	1700835	1700835	1	recorded
139	1808715382922543	1808715434713817	51791274	1700835	1700835	1	recorded
140	1808715435956412	1808715487566183	51609771	1700835	1700835	1	recorded
141	1808715488803597	1808715540302076	51498479	1700835	1700835	1	recorded
142	1808715541468149	1808715592830445	51362296	1700835	1700835	1	recorded
143	1808715593984148	1808715645471967	51487819	1700835	1700835	1	recorded
144	1808715646616959	1808715698981225	52364266	1700835	1700835	1	recorded
145	1808715700172799	1808715752240339	52067540	1700835	1700835	1	recorded
146	1808715753669487	1808715816217825	62548338	1700835	1700835	32	recorded
147	1808715817832407	1808715874360705	56528298	1700835	1700835	2	recorded
148	1808715875807034	1808715930648849	54841815	1700835	1700835	2	recorded
149	1808715931938424	1808715986599056	54660632	1700835	1700835	2	recorded
150	1808715987833340	1808716042307368	54474028	1700835	1700835	2	recorded
151	1808716043516122	1808716097934308	54418186	1700835	1700835	2	recorded
152	1808716099128352	1808716153610710	54482358	1700835	1700835	2	recorded
153	1808716154848984	1808716209320502	54471518	1700835	1700835	2	recorded
154	1808716210548576	1808716266401251	55852675	1700835	1700835	2	recorded
155	1808716267858040	1808716325098352	57240312	1700835	1700835	33	recorded
156	1808716326556211	1808716382763703	56207492	1700835	1700835	3	recorded
157	1808716384072559	1808716438496276	54423717	1700835	1700835	3	recorded
158	1808716439751501	1808716494149117	54397616	1700835	1700835	3	recorded
159	1808716495398941	1808716550147175	54748234	1700835	1700835	3	recorded
160	1808716551582873	1808716607095481	55512608	1700835	1700835	3	recorded
161	1808716608562520	1808716663546398	54983878	1700835	1700835	3	recorded
162	1808716664916425	1808716720410663	55494238	1700835	1700835	3	recorded
163	1808716721851951	1808716779297948	57445997	1700835	1700835	34	recorded
164	1808716780832658	1808716837473939	56641281	1700835	1700835	4	recorded
165	1808716838813655	1808716894453266	55639611	1700835	1700835	4	recorded
166	1808716895761412	1808716950393413	54632001	1700835	1700835	4	recorded
167	1808716951720949	1808717006427151	54706202	1700835	1700835	4	recorded
168	1808717007690066	1808717067799055	60108989	1700835	1700835	3	recorded
169	1808717069159752	1808717123876025	54716273	1700835	1700835	3	recorded
170	1808717125141020	1808717179716509	54575489	1700835	1700835	3	recorded
171	1808717180996745	1808717236023333	55026588	1700835	1700835	3	recorded
172	1808717237440381	1808717292167714	54727333	1700835	1700835	34	recorded
173	1808717293440629	1808717348094251	54653622	1700835	1700835	4	recorded
174	1808717349405556	1808717403999887	54594331	1700835	1700835	4	recorded
175	1808717405297232	1808717460727919	55430687	1700835	1700835	4	recorded
176	1808717462026345	1808717516752067	54725722	1700835	1700835	4	recorded
177	1808717518078343	1808717572666693	54588350	1700835	1700835	4	recorded
178	1808717573944669	1808717629024828	55080159	1700835	1700835	3	recorded
179	1808717630326524	1808717685062927	54736403	1700835	1700835	3	recorded
180	1808717686329082	1808717741625836	55296754	1700835	1700835	3	recorded
181	1808717743043034	1808717798004591	54961557	1700835	1700835	34	recorded
182	1808717799389279	1808717854161242	54771963	1700835	1700835	4	recorded
183	1808717855478178	1808717910205301	54727123	1700835	1700835	4	recorded
184	1808717911504047	1808717966254800	54750753	1700835	1700835	4	recorded
185	1808717967540905	1808718022165666	54624761	1700835	1700835	4	recorded
186	1808718023463241	1808718078910058	55446817	1700835	1700835	4	recorded
187	1808718080215494	1808718135446167	55230673	1700835	1700835	3	recorded
188	1808718136884265	1808718191585497	54701232	1700835	1700835	3	recorded
189	1808718192870103	1808718248057985	55187882	1700835	1700835	3	recorded
190	1808718249513173	1808718304306277	54793104	1700835	1700835	34	recorded
191	1808718305612193	1808718360123342	54511149	1700835	1700835	4	recorded
192	1808718361413017	1808718416077549	54664532	1700835	1700835	4	recorded
193	1808718417378184	1808718471871052	54492868	1700835	1700835	4	recorded
194	1808718473175468	1808718527753678	54578210	1700835	1700835	4	recorded
195	1808718529042643	1808718584152824	55110181	1700835	1700835	3	recorded
196	1808718585470230	1808718641770463	56300233	1700835	1700835	3	recorded
197	1808718643234792	1808718698631118	55396326	1700835	1700835	3	recorded
198	1808718700074687	1808718755902131	55827444	1700835	1700835	3	recorded
199	1808718757437822	1808718812577743	55139921	1700835	1700835	34	recorded
200	1808718813884068	1808718868542790	54658722	1700835	1700835	4	recorded
201	1808718869855426	1808718924385134	54529708	1700835	1700835	4	recorded
202	1808718925744091	1808718980444523	54700432	1700835	1700835	4	recorded
203	1808718981741119	1808719036211117	54469998	1700835	1700835	4	recorded
204	1808719037483892	1808719092575712	55091820	1700835	1700835	3	recorded
205	1808719093898578	1808719148519198	54620620	1700835	1700835	3	recorded
206	1808719149756373	1808719204342963	54586590	1700835	1700835	3	recorded
207	1808719205582127	1808719261289449	55707322	1700835	1700835	3	recorded
208	1808719262762388	1808719317663865	54901477	1700835	1700835	34	recorded
209	1808719318957160	1808719373846276	54889116	1700835	1700835	4	recorded
210	1808719375198913	1808719429896735	54697822	1700835	1700835	4	recorded
211	1808719431207031	1808719485670348	54463317	1700835	1700835	4	recorded
212	1808719486945123	1808719542044583	55099460	1700835	1700835	4	recorded
213	1808719543329059	1808719598333257	55004198	1700835	1700835	3	recorded
214	1808719599648103	1808719654527619	54879516	1700835	1700835	3	recorded
215	1808719655753963	1808719710139869	54385906	1700835	1700835	3	recorded
216	1808719711393644	1808719766388272	54994628	1700835	1700835	3	recorded
217	1808719767820730	1808719825926739	58106009	1700835	1700835	34	recorded
218	1808719827270076	1808719881928607	54658531	1700835	1700835	4	recorded
219	1808719883243183	1808719939045827	55802644	1700835	1700835	4	recorded
220	1808719940406944	1808719995212958	54806014	1700835	1700835	4	recorded
221	1808719996512764	1808720051191376	54678612	1700835	1700835	4	recorded
222	1808720052532622	1808720107773265	55240643	1700835	1700835	3	recorded
223	1808720109097631	1808720163555199	54457568	1700835	1700835	3	recorded
224	1808720164810363	1808720220075297	55264934	1700835	1700835	3	recorded
225	1808720221490845	1808720276471722	54980877	1700835	1700835	34	recorded
226	1808720277759388	1808720332319247	54559859	1700835	1700835	4	recorded
227	1808720333627893	1808720388403177	54775284	1700835	1700835	4	recorded
228	1808720389690402	1808720445054077	55363675	1700835	1700835	4	recorded
229	1808720446372903	1808720501251469	54878566	1700835	1700835	4	recorded
230	1808720502547385	1808720557428680	54881295	1700835	1700835	4	recorded
231	1808720558756257	1808720613900207	55143950	1700835	1700835	3	recorded
232	1808720615291385	1808720670265482	54974097	1700835	1700835	3	recorded
233	1808720671526157	1808720726818631	55292474	1700835	1700835	3	recorded
234	1808720728403833	1808720784905860	56502027	1700835	1700835	34	recorded
235	1808720786368549	1808720841682664	55314115	1700835	1700835	4	recorded
236	1808720843124702	1808720899016788	55892086	1700835	1700835	4	recorded
237	1808720900386965	1808720955086797	54699832	1700835	1700835	4	recorded
238	1808720956424733	1808721011110845	54686112	1700835	1700835	4	recorded
239	1808721012429461	1808721069132533	56703072	1700835	1700835	4	recorded
240	1808721070468679	1808721125562779	55094100	1700835	1700835	3	recorded
241	1808721126898626	1808721182641048	55742422	1700835	1700835	3	recorded
242	1808721183973945	1808721239846620	55872675	1700835	1700835	3	recorded
243	1808721241293239	1808721296549772	55256533	1700835	1700835	34	recorded
244	1808721297853158	1808721354062940	56209782	1700835	1700835	4	recorded
245	1808721355435007	1808721410617538	55182531	1700835	1700835	4	recorded
246	1808721411914874	1808721466846961	54932087	1700835	1700835	4	recorded
247	1808721468158227	1808721523092413	54934186	1700835	1700835	4	recorded
248	1808721524394499	1808721579740564	55346065	1700835	1700835	4	recorded
249	1808721581039930	1808721637366504	56326574	1700835	1700835	3	recorded
250	1808721638694000	1808721693631707	54937707	1700835	1700835	3	recorded
251	1808721694889542	1808721755630764	60741222	1700835	1700835	3	recorded
252	1808721757590692	1808721813357675	55766983	1700835	1700835	34	recorded
253	1808721814637131	1808721869255821	54618690	1700835	1700835	4	recorded
254	1808721870576977	1808721925188738	54611761	1700835	1700835	4	recorded
255	1808721926482943	1808721980983311	54500368	1700835	1700835	4	recorded
256	1808721982278317	1808722036914008	54635691	1700835	1700835	4	recorded
257	1808722038194663	1808722093286373	55091710	1700835	1700835	3	recorded
258	1808722094644810	1808722150268460	55623650	1700835	1700835	3	recorded
259	1808722151597407	1808722206060354	54462947	1700835	1700835	3	recorded
260	1808722207321169	1808722265773855	58452686	1700835	1700835	3	recorded
261	1808722267540340	1808722322804123	55263783	1700835	1700835	34	recorded
262	1808722324120569	1808722378628238	54507669	1700835	1700835	4	recorded
263	1808722379937264	1808722434693777	54756513	1700835	1700835	4	recorded
264	1808722436086024	1808722490694225	54608201	1700835	1700835	4	recorded
265	1808722491971220	1808722546375376	54404156	1700835	1700835	4	recorded
266	1808722547656231	1808722603140459	55484228	1700835	1700835	3	recorded
267	1808722604566937	1808722659185888	54618951	1700835	1700835	3	recorded
268	1808722660485563	1808722714925840	54440277	1700835	1700835	3	recorded
269	1808722716191925	1808722771578831	55386906	1700835	1700835	3	recorded
270	1808722773067930	1808722829184101	56116171	1700835	1700835	34	recorded
271	1808722830643359	1808722886197618	55554259	1700835	1700835	4	recorded
272	1808722887695678	1808722943454301	55758623	1700835	1700835	4	recorded
273	1808722944867339	1808722999662503	54795164	1700835	1700835	4	recorded
274	1808723001001819	1808723055454957	54453138	1700835	1700835	4	recorded
275	1808723056759202	1808723113459694	56700492	1700835	1700835	3	recorded
276	1808723114841181	1808723169654436	54813255	1700835	1700835	3	recorded
277	1808723170933471	1808723226087592	55154121	1700835	1700835	3	recorded
278	1808723227501370	1808723283965947	56464577	1700835	1700835	34	recorded
279	1808723285303563	1808723339842822	54539259	1700835	1700835	4	recorded
280	1808723341171629	1808723395595415	54423786	1700835	1700835	4	recorded
281	1808723396911831	1808723454188624	57276793	1700835	1700835	4	recorded
282	1808723455524561	1808723510112851	54588290	1700835	1700835	4	recorded
283	1808723511404976	1808723566592948	55187972	1700835	1700835	4	recorded
284	1808723567909284	1808723623436822	55527538	1700835	1700835	3	recorded
285	1808723624794009	1808723679359439	54565430	1700835	1700835	3	recorded
286	1808723680620524	1808723735917687	55297163	1700835	1700835	3	recorded
287	1808723737362596	1808723792124839	54762243	1700835	1700835	34	recorded
288	1808723793413235	1808723847875772	54462537	1700835	1700835	4	recorded
289	1808723849185458	1808723904462062	55276604	1700835	1700835	4	recorded
290	1808723905792748	1808723960590672	54797924	1700835	1700835	4	recorded
291	1808723961874607	1808724016323014	54448407	1700835	1700835	4	recorded
292	1808724017602660	1808724078630507	61027847	1700835	1700835	4	recorded
293	1808724080329640	1808724135773527	55443887	1700835	1700835	3	recorded
294	1808724137152975	1808724191596852	54443877	1700835	1700835	3	recorded
295	1808724192865427	1808724247699451	54834024	1700835	1700835	3	recorded
296	1808724249193841	1808724303927344	54733503	1700835	1700835	34	recorded
297	1808724305253840	1808724360479312	55225472	1700835	1700835	4	recorded
298	1808724361806919	1808724416380518	54573599	1700835	1700835	4	recorded
299	1808724417674844	1808724472212293	54537449	1700835	1700835	4	recorded
300	1808724473496838	1808724529135819	55638981	1700835	1700835	4	recorded
301	1808724530490755	1808724585169497	54678742	1700835	1700835	4	recorded
302	1808724586434222	1808724642372249	55938027	1700835	1700835	3	recorded
303	1808724643693215	1808724700748603	57055388	1700835	1700835	3	recorded
304	1808724702311224	1808724758017736	55706512	1700835	1700835	3	recorded
305	1808724759441734	1808724814170197	54728463	1700835	1700835	34	recorded
306	1808724815450272	1808724869962111	54511839	1700835	1700835	4	recorded
307	1808724871260066	1808724926239214	54979148	1700835	1700835	4	recorded
308	1808724927730513	1808724983101999	55371486	1700835	1700835	4	recorded
309	1808724984604338	1808725039621497	55017159	1700835	1700835	4	recorded
310	1808725041001504	1808725096095644	55094140	1700835	1700835	3	recorded
311	1808725097472531	1808725152170883	54698352	1700835	1700835	3	recorded
312	1808725153455678	1808725207998707	54543029	1700835	1700835	3	recorded
313	1808725209258922	1808725265157288	55898366	1700835	1700835	3	recorded
314	1808725266576876	1808725321699937	55123061	1700835	1700835	34	recorded
315	1808725323009372	1808725377559632	54550260	1700835	1700835	4	recorded
316	1808725378868347	1808725433382916	54514569	1700835	1700835	4	recorded
317	1808725434675591	1808725489189350	54513759	1700835	1700835	4	recorded
318	1808725490472915	1808725545518014	55045099	1700835	1700835	4	recorded
319	1808725546801649	1808725601726456	54924807	1700835	1700835	3	recorded
320	1808725603054682	1808725657437438	54382756	1700835	1700835	3	recorded
321	1808725658673752	1808725712886495	54212743	1700835	1700835	3	recorded
322	1808725714136299	1808725770511845	56375546	1700835	1700835	3	recorded
323	1808725771986184	1808725828483181	56496997	1700835	1700835	34	recorded
324	1808725829786197	1808725884478899	54692702	1700835	1700835	4	recorded
325	1808725885774965	1808725940099179	54324214	1700835	1700835	4	recorded
326	1808725941379545	1808725997597317	56217772	1700835	1700835	4	recorded
327	1808725998920403	1808726053412241	54491838	1700835	1700835	4	recorded
328	1808726054673156	1808726109516191	54843035	1700835	1700835	3	recorded
329	1808726110823486	1808726166341535	55518049	1700835	1700835	3	recorded
330	1808726167670731	1808726223317432	55646701	1700835	1700835	3	recorded
331	1808726224812211	1808726279546864	54734653	1700835	1700835	34	recorded
332	1808726280867340	1808726335265846	54398506	1700835	1700835	4	recorded
333	1808726336594632	1808726391918927	55324295	1700835	1700835	4	recorded
334	1808726393278524	1808726449013076	55734552	1700835	1700835	4	recorded
335	1808726450309732	1808726504964033	54654301	1700835	1700835	4	recorded
336	1808726506243628	1808726560857019	54613391	1700835	1700835	4	recorded
337	1808726562136824	1808726617324366	55187542	1700835	1700835	3	recorded
338	1808726618617351	1808726673227341	54609990	1700835	1700835	3	recorded
339	1808726674456966	1808726729386992	54930026	1700835	1700835	3	recorded
340	1808726730813000	1808726785660935	54847935	1700835	1700835	34	recorded
341	1808726786950701	1808726842374877	55424176	1700835	1700835	4	recorded
342	1808726843717104	1808726898266953	54549849	1700835	1700835	4	recorded
343	1808726899535818	1808726953822682	54286864	1700835	1700835	4	recorded
344	1808726955099127	1808727015792318	60693191	1700835	1700835	4	recorded
345	1808727017670785	1808727075130491	57459706	1700835	1700835	4	recorded
346	1808727076651811	1808727132533677	55881866	1700835	1700835	3	recorded
347	1808727133978205	1808727189001904	55023699	1700835	1700835	3	recorded
348	1808727190297649	1808727245717106	55419457	1700835	1700835	3	recorded
349	1808727247225186	1808727302221983	54996797	1700835	1700835	34	recorded
350	1808727303518569	1808727358575028	55056459	1700835	1700835	4	recorded
351	1808727359885854	1808727414537715	54651861	1700835	1700835	4	recorded
352	1808727415822261	1808727470476382	54654121	1700835	1700835	4	recorded
353	1808727471773247	1808727526514480	54741233	1700835	1700835	4	recorded
354	1808727527794265	1808727583611820	55817555	1700835	1700835	4	recorded
355	1808727584958006	1808727641012565	56054559	1700835	1700835	3	recorded
356	1808727642341931	1808727696908931	54567000	1700835	1700835	3	recorded
357	1808727698164386	1808727753102042	54937656	1700835	1700835	3	recorded
358	1808727754529560	1808727812041328	57511768	1700835	1700835	34	recorded
359	1808727813668610	1808727868804651	55136041	1700835	1700835	4	recorded
360	1808727870115807	1808727924628375	54512568	1700835	1700835	4	recorded
361	1808727925916591	1808727980704344	54787753	1700835	1700835	4	recorded
362	1808727982005720	1808728036562119	54556399	1700835	1700835	4	recorded
363	1808728037817514	1808728093110988	55293474	1700835	1700835	3	recorded
364	1808728094511096	1808728149247668	54736572	1700835	1700835	3	recorded
365	1808728150494713	1808728204985971	54491258	1700835	1700835	3	recorded
366	1808728206223055	1808728262476618	56253563	1700835	1700835	3	recorded
367	1808728263891126	1808728319203390	55312264	1700835	1700835	34	recorded
368	1808728320541327	1808728375316790	54775463	1700835	1700835	4	recorded
369	1808728376637086	1808728431180165	54543079	1700835	1700835	4	recorded
370	1808728432469671	1808728486974769	54505098	1700835	1700835	4	recorded
371	1808728488280595	1808728543084469	54803874	1700835	1700835	4	recorded
372	1808728544398755	1808728599400293	55001538	1700835	1700835	3	recorded
373	1808728600744289	1808728655286708	54542419	1700835	1700835	3	recorded
374	1808728656554243	1808728710977020	54422777	1700835	1700835	3	recorded
375	1808728712231284	1808728767406396	55175112	1700835	1700835	3	recorded
376	1808728768838324	1808728825147548	56309224	1700835	1700835	34	recorded
377	1808728826447284	1808728881017123	54569839	1700835	1700835	4	recorded
378	1808728882310859	1808728936680384	54369525	1700835	1700835	4	recorded
379	1808728937963159	1808728992358275	54395116	1700835	1700835	4	recorded
380	1808728993637861	1808729049234980	55597119	1700835	1700835	4	recorded
381	1808729050556347	1808729106404361	55848014	1700835	1700835	3	recorded
382	1808729107925201	1808729163750736	55825535	1700835	1700835	3	recorded
383	1808729165223835	1808729220751683	55527848	1700835	1700835	3	recorded
384	1808729222236843	1808729277009796	54772953	1700835	1700835	34	recorded
385	1808729278312272	1808729334034984	55722712	1700835	1700835	4	recorded
386	1808729335360770	1808729389622893	54262123	1700835	1700835	4	recorded
387	1808729390900429	1808729445945298	55044869	1700835	1700835	4	recorded
388	1808729447251923	1808729501493426	54241503	1700835	1700835	4	recorded
389	1808729502773892	1808729558420282	55646390	1700835	1700835	4	recorded
390	1808729559755059	1808729615064383	55309324	1700835	1700835	3	recorded
391	1808729616381729	1808729670746824	54365095	1700835	1700835	3	recorded
392	1808729671979939	1808729726552628	54572689	1700835	1700835	3	recorded
393	1808729727964046	1808729782500625	54536579	1700835	1700835	34	recorded
394	1808729783772730	1808729839307288	55534558	1700835	1700835	4	recorded
395	1808729840669495	1808729895223354	54553859	1700835	1700835	4	recorded
396	1808729896544201	1808729951392175	54847974	1700835	1700835	4	recorded
397	1808729952714092	1808730007635018	54920926	1700835	1700835	4	recorded
398	1808730009006205	1808730065044063	56037858	1700835	1700835	4	recorded
399	1808730066344019	1808730121555441	55211422	1700835	1700835	3	recorded
400	1808730122868387	1808730177689342	54820955	1700835	1700835	3	recorded
401	1808730178934006	1808730234304731	55370725	1700835	1700835	3	recorded
402	1808730235756290	1808730290788579	55032289	1700835	1700835	34	recorded
403	1808730292091305	1808730347621443	55530138	1700835	1700835	4	recorded
404	1808730348973350	1808730403817754	54844404	1700835	1700835	4	recorded
405	1808730405127390	1808730459722800	54595410	1700835	1700835	4	recorded
406	1808730461045166	1808730515673347	54628181	1700835	1700835	4	recorded
407	1808730516981793	1808730576999490	60017697	1700835	1700835	4	recorded
408	1808730578676923	1808730635311213	56634290	1700835	1700835	3	recorded
409	1808730636709931	1808730691359222	54649291	1700835	1700835	3	recorded
410	1808730692644497	1808730747886700	55242203	1700835	1700835	3	recorded
411	1808730749389030	1808730804342207	54953177	1700835	1700835	34	recorded
412	1808730805629132	1808730860158961	54529829	1700835	1700835	4	recorded
413	1808730861447336	1808730915883163	54435827	1700835	1700835	4	recorded
414	1808730917203519	1808730971569145	54365626	1700835	1700835	4	recorded
415	1808730972873250	1808731027347168	54473918	1700835	1700835	4	recorded
416	1808731028628773	1808731083418147	54789374	1700835	1700835	3	recorded
417	1808731084794634	1808731139173780	54379146	1700835	1700835	3	recorded
418	1808731140453805	1808731196175487	55721682	1700835	1700835	3	recorded
419	1808731197622056	1808731254440970	56818914	1700835	1700835	3	recorded
420	1808731256089582	1808731311542159	55452577	1700835	1700835	34	recorded
421	1808731312938557	1808731367718730	54780173	1700835	1700835	4	recorded
422	1808731369059767	1808731423667207	54607440	1700835	1700835	4	recorded
423	1808731424994163	1808731482130373	57136210	1700835	1700835	4	recorded
424	1808731483761626	1808731538786454	55024828	1700835	1700835	4	recorded
425	1808731540116970	1808731595162519	55045549	1700835	1700835	3	recorded
426	1808731596520226	1808731651028954	54508728	1700835	1700835	3	recorded
427	1808731652305600	1808731706715706	54410106	1700835	1700835	3	recorded
428	1808731708030652	1808731763246404	55215752	1700835	1700835	3	recorded
429	1808731764703133	1808731820579838	55876705	1700835	1700835	34	recorded
430	1808731821889954	1808731876647567	54757613	1700835	1700835	4	recorded
431	1808731878009024	1808731932501502	54492478	1700835	1700835	4	recorded
432	1808731933778427	1808731988195113	54416686	1700835	1700835	4	recorded
433	1808731989504689	1808732043948626	54443937	1700835	1700835	4	recorded
434	1808732045248122	1808732100138078	54889956	1700835	1700835	3	recorded
435	1808732101448493	1808732156285308	54836815	1700835	1700835	3	recorded
436	1808732157569123	1808732212089062	54519939	1700835	1700835	3	recorded
437	1808732213352517	1808732268427736	55075219	1700835	1700835	3	recorded
438	1808732269852864	1808732324682119	54829255	1700835	1700835	34	recorded
439	1808732325979665	1808732380347310	54367645	1700835	1700835	4	recorded
440	1808732381645026	1808732437134603	55489577	1700835	1700835	4	recorded
441	1808732438472810	1808732492872316	54399506	1700835	1700835	4	recorded
442	1808732494163751	1808732548525886	54362135	1700835	1700835	4	recorded
443	1808732549829942	1808732604611216	54781274	1700835	1700835	3	recorded
444	1808732605921922	1808732660381839	54459917	1700835	1700835	3	recorded
445	1808732661634664	1808732716127652	54492988	1700835	1700835	3	recorded
446	1808732718028899	1808732773647209	55618310	1700835	1700835	34	recorded
447	1808732774943325	1808732829547345	54604020	1700835	1700835	4	recorded
448	1808732830855181	1808732885222086	54366905	1700835	1700835	4	recorded
449	1808732886510102	1808732941021620	54511518	1700835	1700835	4	recorded
450	1808732942305285	1808732996619660	54314375	1700835	1700835	4	recorded
451	1808732997915635	1808733053747510	55831875	1700835	1700835	4	recorded
452	1808733055030245	1808733111221606	56191361	1700835	1700835	3	recorded
453	1808733112592893	1808733167576901	54984008	1700835	1700835	3	recorded
454	1808733168849236	1808733223882465	55033229	1700835	1700835	3	recorded
455	1808733225313773	1808733280358992	55045219	1700835	1700835	34	recorded
456	1808733281752929	1808733337001082	55248153	1700835	1700835	4	recorded
457	1808733338486972	1808733393534370	55047398	1700835	1700835	4	recorded
458	1808733394934668	1808733451360494	56425826	1700835	1700835	4	recorded
459	1808733452739251	1808733507202419	54463168	1700835	1700835	4	recorded
460	1808733508519245	1808733562958081	54438836	1700835	1700835	4	recorded
461	1808733564262177	1808733620179033	55916856	1700835	1700835	3	recorded
462	1808733621530170	1808733675853034	54322864	1700835	1700835	3	recorded
463	1808733677130730	1808733731971894	54841164	1700835	1700835	3	recorded
464	1808733733407383	1808733790041323	56633940	1700835	1700835	34	recorded
465	1808733791435171	1808733846224744	54789573	1700835	1700835	4	recorded
466	1808733847535250	1808733901863025	54327775	1700835	1700835	4	recorded
467	1808733903163060	1808733957600447	54437387	1700835	1700835	4	recorded
468	1808733958893253	1808734013267148	54373895	1700835	1700835	4	recorded
469	1808734014571034	1808734069002741	54431707	1700835	1700835	4	recorded
470	1808734070290236	1808734126056229	55765993	1700835	1700835	3	recorded
471	1808734127434116	1808734182185749	54751633	1700835	1700835	3	recorded
472	1808734183437544	1808734239497483	56059939	1700835	1700835	3	recorded
473	1808734240954432	1808734295781266	54826834	1700835	1700835	34	recorded
474	1808734297068392	1808734351626231	54557839	1700835	1700835	4	recorded
475	1808734352951277	1808734407480385	54529108	1700835	1700835	4	recorded
476	1808734408802172	1808734463961683	55159511	1700835	1700835	4	recorded
477	1808734465282319	1808734520078003	54795684	1700835	1700835	4	recorded
478	1808734521357968	1808734576499739	55141771	1700835	1700835	3	recorded
479	1808734577823175	1808734632302462	54479287	1700835	1700835	3	recorded
480	1808734633530937	1808734687889702	54358765	1700835	1700835	3	recorded
481	1808734689163027	1808734744528872	55365845	1700835	1700835	3	recorded
482	1808734745965530	1808734801624431	55658901	1700835	1700835	34	recorded
483	1808734802910987	1808734857046647	54135660	1700835	1700835	4	recorded
484	1808734858335543	1808734912431783	54096240	1700835	1700835	4	recorded
485	1808734913722468	1808734967891460	54168992	1700835	1700835	4	recorded
486	1808734969204186	1808735023333806	54129620	1700835	1700835	4	recorded
487	1808735024636232	1808735085174660	60538428	1700835	1700835	3	recorded
488	1808735086936624	1808735141905682	54969058	1700835	1700835	3	recorded
489	1808735143158756	1808735197430730	54271974	1700835	1700835	3	recorded
490	1808735198677735	1808735253728833	55051098	1700835	1700835	3	recorded
491	1808735255219123	1808735309972156	54753033	1700835	1700835	34	recorded
492	1808735311250741	1808735365561375	54310634	1700835	1700835	4	recorded
493	1808735366924892	1808735422642704	55717812	1700835	1700835	4	recorded
494	1808735424153374	1808735479199993	55046619	1700835	1700835	4	recorded
495	1808735480636511	1808735535656180	55019669	1700835	1700835	4	recorded
496	1808735537007386	1808735591759519	54752133	1700835	1700835	3	recorded
497	1808735593118976	1808735647514052	54395076	1700835	1700835	3	recorded
498	1808735648843118	1808735702988429	54145311	1700835	1700835	3	recorded
499	1808735704250054	1808735758886455	54636401	1700835	1700835	3	recorded
500	1808735760317243	1808735814765270	54448027	1700835	1700835	34	recorded
501	1808735816053346	1808735870718217	54664871	1700835	1700835	4	recorded
502	1808735872033743	1808735926036861	54003118	1700835	1700835	4	recorded
503	1808735927316796	1808735981446777	54129981	1700835	1700835	4	recorded
504	1808735982736932	1808736037651579	54914647	1700835	1700835	4	recorded
505	1808736038923534	1808736093567074	54643540	1700835	1700835	3	recorded
506	1808736094864980	1808736149009741	54144761	1700835	1700835	3	recorded
507	1808736150245936	1808736207226533	56980597	1700835	1700835	3	recorded
508	1808736208806044	1808736264292211	55486167	1700835	1700835	3	recorded
509	1808736265729490	1808736320393801	54664311	1700835	1700835	34	recorded
510	1808736321674316	1808736375982930	54308614	1700835	1700835	4	recorded
511	1808736377309117	1808736431644841	54335724	1700835	1700835	4	recorded
512	1808736432954777	1808736487115568	54160791	1700835	1700835	4	recorded
513	1808736488427334	1808736542925642	54498308	1700835	1700835	4	recorded
514	1808736544274069	1808736599859068	55584999	1700835	1700835	3	recorded
515	1808736601208825	1808736655469738	54260913	1700835	1700835	3	recorded
516	1808736656742673	1808736711034207	54291534	1700835	1700835	3	recorded
517	1808736712286762	1808736767066975	54780213	1700835	1700835	3	recorded
518	1808736768487754	1808736822982691	54494937	1700835	1700835	34	recorded
519	1808736824279607	1808736878417048	54137441	1700835	1700835	4	recorded
520	1808736879699833	1808736933886825	54186992	1700835	1700835	4	recorded
521	1808736935195721	1808736989221199	54025478	1700835	1700835	4	recorded
522	1808736990497035	1808737044698697	54201662	1700835	1700835	4	recorded
523	1808737045962122	1808737100534331	54572209	1700835	1700835	3	recorded
524	1808737101843927	1808737155988608	54144681	1700835	1700835	3	recorded
525	1808737157242683	1808737212232270	54989587	1700835	1700835	3	recorded
526	1808737213479125	1808737267950402	54471277	1700835	1700835	3	recorded
527	1808737269385321	1808737323997311	54611990	1700835	1700835	34	recorded
528	1808737325312287	1808737379450037	54137750	1700835	1700835	4	recorded
529	1808737380772424	1808737434762461	53990037	1700835	1700835	4	recorded
530	1808737436055797	1808737490745289	54689492	1700835	1700835	4	recorded
531	1808737492219478	1808737547465781	55246303	1700835	1700835	4	recorded
532	1808737548930320	1808737603877636	54947316	1700835	1700835	3	recorded
533	1808737605284414	1808737659648739	54364325	1700835	1700835	3	recorded
534	1808737660929495	1808737715229809	54300314	1700835	1700835	3	recorded
535	1808737717376301	1808737773261056	55884755	1700835	1700835	34	recorded
536	1808737774554032	1808737829077600	54523568	1700835	1700835	4	recorded
537	1808737830374116	1808737884726791	54352675	1700835	1700835	4	recorded
538	1808737886007946	1808737940436053	54428107	1700835	1700835	4	recorded
539	1808737941728888	1808737995960941	54232053	1700835	1700835	4	recorded
540	1808737997267327	1808738051603022	54335695	1700835	1700835	4	recorded
541	1808738052917368	1808738108292033	55374665	1700835	1700835	3	recorded
542	1808738109598169	1808738163984864	54386695	1700835	1700835	3	recorded
543	1808738165247569	1808738219925841	54678272	1700835	1700835	3	recorded
544	1808738221361909	1808738275745105	54383196	1700835	1700835	34	recorded
545	1808738277040440	1808738331117970	54077530	1700835	1700835	4	recorded
546	1808738332394445	1808738387372763	54978318	1700835	1700835	4	recorded
547	1808738388697359	1808738442814479	54117120	1700835	1700835	4	recorded
548	1808738444138505	1808738499517281	55378776	1700835	1700835	4	recorded
549	1808738500855707	1808738555584809	54729102	1700835	1700835	4	recorded
550	1808738556860645	1808738611544366	54683721	1700835	1700835	3	recorded
551	1808738612903323	1808738667110035	54206712	1700835	1700835	3	recorded
552	1808738668387250	1808738722884998	54497748	1700835	1700835	3	recorded
553	1808738724323197	1808738778659011	54335814	1700835	1700835	34	recorded
554	1808738779928697	1808738833955965	54027268	1700835	1700835	4	recorded
555	1808738835252081	1808738890873581	55621500	1700835	1700835	4	recorded
556	1808738892225358	1808738946295247	54069889	1700835	1700835	4	recorded
557	1808738947564322	1808739002505849	54941527	1700835	1700835	4	recorded
558	1808739003779414	1808739057978566	54199152	1700835	1700835	4	recorded
559	1808739059222220	1808739113694768	54472548	1700835	1700835	3	recorded
560	1808739114987803	1808739169113624	54125821	1700835	1700835	3	recorded
561	1808739170348108	1808739224490359	54142251	1700835	1700835	3	recorded
562	1808739225713003	1808739279611109	53898106	1700835	1700835	3	recorded
563	1808739280863594	1808739336969584	56105990	1700835	1700835	3	recorded
564	1808739338261629	1808739392774897	54513268	1700835	1700835	3	recorded
565	1808739394071953	1808739448221934	54149981	1700835	1700835	3	recorded
566	1808739449460809	1808739503635690	54174881	1700835	1700835	3	recorded
567	1808739504876865	1808739560740659	55863794	1700835	1700835	2	recorded
568	1808739562184328	1808739617640275	55455947	1700835	1700835	2	recorded
569	1808739619055223	1808739674643122	55587899	1700835	1700835	2	recorded
570	1808739676029400	1808739732267712	56238312	1700835	1700835	2	recorded
571	1808739733568528	1808739788481774	54913246	1700835	1700835	2	recorded
572	1808739789710818	1808739844496872	54786054	1700835	1700835	2	recorded
573	1808739845705145	1808739900445018	54739873	1700835	1700835	2	recorded
574	1808739901658392	1808739956288963	54630571	1700835	1700835	2	recorded
575	1808739957496916	1808740012379222	54882306	1700835	1700835	2	recorded
576	1808740013566165	1808740065415671	51849506	1700835	1700835	1	recorded
577	1808740066627655	1808740118760216	52132561	1700835	1700835	1	recorded
578	1808740119934549	1808740172589761	52655212	1700835	1700835	1	recorded
579	1808740173755214	1808740225305973	51550759	1700835	1700835	1	recorded
580	1808740226439536	1808740278118058	51678522	1700835	1700835	1	recorded
581	1808740279250920	1808740330691137	51440217	1700835	1700835	1	recorded
582	1808740331841540	1808740383339719	51498179	1700835	1700835	1	recorded
583	1808740384509912	1808740435963080	51453168	1700835	1700835	1	recorded
584	1808740437101752	1808740488891096	51789344	1700835	1700835	1	recorded
585	1808740489994568	1808740491087730	1093162	1700835	1700835	0	recorded
586	1808740491482108	1808740492428566	946458	1700835	1700835	0	recorded
